{
  "NB": {
    "accuracy": 0.9436274509803921,
    "f1_macro": 0.9438479849044468
  },
  "SVM": {
    "accuracy": 0.9647058823529412,
    "f1_macro": 0.964667993208023
  }
}