{
  "cv": 5,
  "accuracy_mean": 0.9582352941176471,
  "accuracy_std": 0.0054444875987901395,
  "f1_macro_mean": 0.9581735982152685,
  "f1_macro_std": 0.005555091690292628,
  "per_class_f1_mean": {
    "alimentation": 0.9860359547545727,
    "astronomy": 0.9621320823578591,
    "economy": 0.8833204930255014,
    "fashion": 0.9731619092774455,
    "medicine": 0.9849034618713404,
    "military": 0.9707662728068115,
    "motor": 0.9741336667483715,
    "play": 0.9595188742694546,
    "politics": 0.9374139483100429,
    "religion": 0.9456156872423384,
    "sport": 0.9859026654732297,
    "tech": 0.935178162446254
  }
}