{
  "labels": [
    "alimentation",
    "astronomy",
    "economy",
    "fashion",
    "medicine",
    "military",
    "motor",
    "play",
    "politics",
    "religion",
    "sport",
    "tech"
  ],
  "base_dist": {
    "alimentation": 0.08333333333333333,
    "astronomy": 0.08333333333333333,
    "economy": 0.08333333333333333,
    "fashion": 0.08333333333333333,
    "medicine": 0.08333333333333333,
    "military": 0.08333333333333333,
    "motor": 0.08333333333333333,
    "play": 0.08333333333333333,
    "politics": 0.08333333333333333,
    "religion": 0.08333333333333333,
    "sport": 0.08333333333333333,
    "tech": 0.08333333333333333
  },
  "pred_dist": {
    "alimentation": 0.08137254901960785,
    "astronomy": 0.08529411764705883,
    "economy": 0.0784313725490196,
    "fashion": 0.08676470588235294,
    "medicine": 0.07745098039215687,
    "military": 0.07549019607843137,
    "motor": 0.08774509803921568,
    "play": 0.09411764705882353,
    "politics": 0.08137254901960785,
    "religion": 0.08725490196078431,
    "sport": 0.0784313725490196,
    "tech": 0.08627450980392157
  },
  "psi": 0.003900025239241605
}